"Time","112_evt"
1590775766228,1
1590775766232,0
1590775766352,1
1590775766357,0
1590775766477,1
1590775766482,0
1590775766602,1
1590775766607,0
1590775766727,1
1590775766731,0
1590775766852,1
1590775766856,0
1590775766977,1
1590775766981,0
1590775767101,1
1590775767106,0
1590775767226,1
1590775767231,0
1590775767351,1
1590775767355,0
1590775767475,1
1590775767480,0
1590775767600,1
1590775767605,0
1590775767725,1
1590775767730,0
1590775767850,1
1590775767854,0
1590775767975,1
1590775767979,0
1590775768099,1
1590775768104,0
1590775768224,1
1590775768229,0
1590775768349,1
1590775768354,0
1590775768474,1
1590775768478,0
1590775768599,1
1590775768603,0
1590775768723,1
1590775768728,0
1590775768848,1
1590775768853,0
1590775768973,1
1590775768978,0
1590775769098,1
1590775769102,0
1590775769223,1
1590775769227,0
1590775769348,1
1590775769352,0
1590775769472,1
1590775769477,0
1590775769597,1
1590775769602,0
1590775769722,1
1590775769726,0
1590775769847,1
1590775769851,0
1590775769971,1
1590775769976,0
1590775770096,1
1590775770101,0
1590775770221,1
1590775770225,0
1590775770346,1
1590775770350,0
1590775770471,1
1590775770475,0
1590775770595,1
1590775770600,0
1590775770720,1
1590775770725,0
1590775770845,1
1590775770849,0
1590775770970,1
1590775770974,0
1590775771095,1
1590775771099,0
1590775771219,1
1590775771224,0
1590775771344,1
1590775771349,0
1590775771469,1
1590775771473,0
1590775771594,1
1590775771598,0
1590775771719,1
1590775771723,0
1590775771843,1
1590775771848,0
1590775771968,1
1590775771973,0
1590775772093,1
1590775772097,0
1590775772218,1
1590775772222,0
1590775772342,1
1590775772347,0
1590775772467,1
1590775772472,0
1590775772592,1
1590775772596,0
1590775772717,1
1590775772721,0
1590775772842,1
1590775772846,0
1590775772966,1
1590775772971,0
1590775773091,1
1590775773096,0
1590775773216,1
1590775773220,0
1590775773341,1
1590775773345,0
1590775773466,1
1590775773470,0
1590775773590,1
1590775773595,0
1590775773715,1
1590775773720,0
1590775773840,1
1590775773844,0
1590775773965,1
1590775773969,0
1590775774090,1
1590775774094,0
1590775774214,1
1590775774219,0
1590775774339,1
1590775774344,0
1590775774464,1
1590775774468,0
1590775774588,1
1590775774593,0
1590775774714,1
1590775774718,0
1590775774838,1
1590775774843,0
1590775774963,1
1590775774967,0
1590775775088,1
1590775775092,0
1590775775213,1
1590775775217,0
1590775775337,1
1590775775342,0
1590775775462,1
1590775775467,0
1590775775587,1
1590775775591,0
1590775775712,1
1590775775716,0
1590775775836,1
1590775775841,0
1590775775961,1
1590775775966,0
1590775776086,1
1590775776091,0
1590775776211,1
1590775776215,0
1590775776336,1
1590775776340,0
1590775776460,1
1590775776465,0
1590775776585,1
1590775776590,0
1590775776710,1
1590775776715,0
1590775776835,1
1590775776839,0
1590775776960,1
1590775776964,0
1590775777084,1
1590775777089,0
1590775777209,1
1590775777214,0
1590775777334,1
1590775777338,0
1590775777459,1
1590775777463,0
1590775777583,1
1590775777588,0
1590775777708,1
1590775777713,0
1590775777833,1
1590775777838,0
1590775777958,1
1590775777962,0
1590775778083,1
1590775778087,0
1590775778207,1
1590775778212,0
1590775778332,1
1590775778337,0
1590775778457,1
1590775778462,0
1590775778582,1
1590775778586,0
1590775778707,1
1590775778711,0
1590775778832,1
1590775778836,0
1590775778956,1
1590775778961,0
1590775779081,1
1590775779086,0
1590775779206,1
1590775779210,0
1590775779331,1
1590775779335,0
1590775779455,1
1590775779460,0
1590775779580,1
1590775779585,0
1590775779705,1
1590775779709,0
1590775779830,1
1590775779834,0
1590775779954,1
1590775779959,0
1590775780079,1
1590775780084,0
1590775780204,1
1590775780209,0
1590775780329,1
1590775780333,0
1590775780454,1
1590775780458,0
1590775780579,1
1590775780583,0
1590775780703,1
1590775780708,0
1590775780828,1
1590775780833,0
1590775780953,1
1590775780957,0
1590775781078,1
1590775781082,0
1590775781202,1
1590775781207,0
1590775781327,1
1590775781332,0
1590775781452,1
1590775781457,0
1590775781577,1
1590775781581,0
1590775781702,1
1590775781706,0
1590775781826,1
1590775781831,0
1590775781951,1
1590775781956,0
1590775782076,1
1590775782081,0
1590775782201,1
1590775782205,0
1590775782326,1
1590775782330,0
1590775782450,1
1590775782455,0
1590775782575,1
1590775782580,0
1590775782700,1
1590775782704,0
1590775782825,1
1590775782829,0
1590775782950,1
1590775782954,0
1590775783074,1
1590775783079,0
1590775783199,1
1590775783204,0
1590775783324,1
1590775783328,0
1590775783449,1
1590775783453,0
1590775783573,1
1590775783578,0
1590775783698,1
1590775783703,0
1590775783823,1
1590775783828,0
1590775783948,1
1590775783952,0
1590775784073,1
1590775784077,0
1590775784197,1
1590775784202,0
1590775784322,1
1590775784327,0
1590775784447,1
1590775784452,0
1590775784572,1
1590775784576,0
1590775784697,1
1590775784701,0
1590775784821,1
1590775784826,0
1590775784946,1
1590775784951,0
1590775785071,1
1590775785075,0
1590775785196,1
1590775785200,0
1590775785321,1
1590775785325,0
1590775785445,1
1590775785450,0
1590775785570,1
1590775785575,0
1590775785695,1
1590775785699,0
1590775785820,1
1590775785824,0
1590775785944,1
1590775785949,0
1590775786069,1
1590775786074,0
1590775786194,1
1590775786199,0
1590775786319,1
1590775786323,0
1590775786443,1
1590775786448,0
1590775786569,1
1590775786573,0
1590775786693,1
1590775786698,0
1590775786818,1
1590775786823,0
1590775786943,1
1590775786947,0
1590775787068,1
1590775787072,0
1590775787192,1
1590775787197,0
1590775787317,1
1590775787322,0
1590775787442,1
1590775787446,0
1590775787567,1
1590775787571,0
1590775787692,1
1590775787696,0
1590775787816,1
1590775787821,0
1590775787941,1
1590775787946,0
1590775788066,1
1590775788070,0
1590775788191,1
1590775788195,0
1590775788316,1
1590775788320,0
1590775788440,1
1590775788445,0
1590775788565,1
1590775788570,0
1590775788690,1
1590775788694,0
1590775788815,1
1590775788819,0
1590775788940,1
1590775788944,0
1590775789064,1
1590775789069,0
1590775789189,1
1590775789194,0
1590775789314,1
1590775789318,0
1590775789439,1
1590775789443,0
1590775789563,1
1590775789568,0
1590775789688,1
1590775789693,0
1590775789813,1
1590775789817,0
1590775789938,1
1590775789942,0
1590775790063,1
1590775790067,0
1590775790187,1
1590775790192,0
1590775790312,1
1590775790317,0
1590775790437,1
1590775790441,0
1590775790562,1
1590775790566,0
1590775790686,1
1590775790691,0
1590775790811,1
1590775790816,0
1590775790936,1
1590775790941,0
1590775791061,1
1590775791065,0
1590775791185,1
1590775791190,0
1590775791311,1
1590775791315,0
1590775791435,1
1590775791440,0
1590775791560,1
1590775791565,0
1590775791685,1
1590775791689,0
1590775791810,1
1590775791814,0
1590775791934,1
1590775791939,0
1590775792059,1
1590775792064,0
1590775792184,1
1590775792188,0
1590775792309,1
1590775792313,0
1590775792434,1
1590775792438,0
1590775792558,1
1590775792563,0
1590775792683,1
1590775792688,0
1590775792808,1
1590775792812,0
1590775792933,1
1590775792937,0
1590775793057,1
1590775793062,0
1590775793182,1
1590775793187,0
1590775793307,1
1590775793312,0
1590775793432,1
1590775793436,0
1590775793557,1
1590775793561,0
1590775793682,1
1590775793686,0
1590775793806,1
1590775793811,0
1590775793931,1
1590775793936,0
1590775794056,1
1590775794060,0
1590775794180,1
1590775794185,0
1590775794305,1
1590775794310,0
1590775794430,1
1590775794435,0
1590775794555,1
1590775794559,0
1590775794680,1
1590775794684,0
1590775794804,1
1590775794809,0
1590775794929,1
1590775794934,0
1590775795054,1
1590775795059,0
1590775795179,1
1590775795183,0
1590775795304,1
1590775795308,0
1590775795428,1
1590775795433,0
1590775795553,1
1590775795558,0
1590775795678,1
1590775795683,0
1590775795803,1
1590775795807,0
1590775795927,1
1590775795932,0
1590775796053,1
1590775796057,0
1590775796177,1
1590775796182,0
1590775796302,1
1590775796307,0
1590775796427,1
1590775796431,0
1590775796551,1
1590775796556,0
1590775796676,1
1590775796681,0
1590775796801,1
1590775796806,0
1590775796926,1
1590775796930,0
1590775797051,1
1590775797055,0
1590775797175,1
1590775797180,0
1590775797300,1
1590775797305,0
1590775797425,1
1590775797430,0
1590775797550,1
1590775797554,0
1590775797675,1
1590775797679,0
1590775797800,1
1590775797804,0
1590775797924,1
1590775797929,0
1590775798049,1
1590775798054,0
1590775798174,1
1590775798178,0
1590775798298,1
1590775798303,0
1590775798424,1
1590775798428,0
1590775798548,1
1590775798553,0
1590775798673,1
1590775798678,0
1590775798798,1
1590775798802,0
1590775798923,1
1590775798927,0
1590775799047,1
1590775799052,0
1590775799172,1
1590775799177,0
1590775799297,1
1590775799301,0
1590775799422,1
1590775799426,0
1590775799547,1
1590775799551,0
1590775799671,1
1590775799676,0
1590775799796,1
1590775799801,0
1590775799921,1
1590775799925,0
1590775800046,1
1590775800050,0
1590775800170,1
1590775800175,0
1590775800295,1
1590775800300,0
1590775800420,1
1590775800425,0
1590775800545,1
1590775800549,0
1590775800670,1
1590775800674,0
1590775800794,1
1590775800799,0
1590775800919,1
1590775800924,0
1590775801044,1
1590775801049,0
1590775801169,1
1590775801173,0
1590775801294,1
1590775801298,0
1590775801418,1
1590775801423,0
1590775801543,1
1590775801548,0
1590775801668,1
1590775801672,0
1590775801793,1
1590775801797,0
1590775801918,1
1590775801922,0
1590775802042,1
1590775802047,0
1590775802167,1
1590775802172,0
1590775802292,1
1590775802296,0
1590775802417,1
1590775802421,0
1590775802542,1
1590775802546,0
1590775802666,1
1590775802671,0
1590775802791,1
1590775802796,0
1590775802916,1
1590775802920,0
1590775803041,1
1590775803045,0
1590775803165,1
1590775803170,0
1590775803290,1
1590775803295,0
1590775803415,1
1590775803420,0
1590775803540,1
1590775803544,0
1590775803665,1
1590775803669,0
1590775803789,1
1590775803794,0
1590775803914,1
1590775803919,0
1590775804039,1
1590775804043,0
1590775804164,1
1590775804168,0
1590775804288,1
1590775804293,0
1590775804413,1
1590775804418,0
1590775804538,1
1590775804543,0
1590775804663,1
1590775804667,0
1590775804788,1
1590775804792,0
1590775804912,1
1590775804917,0
1590775805037,1
1590775805042,0
1590775805162,1
1590775805167,0
1590775805287,1
1590775805291,0
1590775805412,1
1590775805416,0
1590775805537,1
1590775805541,0
1590775805661,1
1590775805666,0
1590775805786,1
1590775805791,0
1590775805911,1
1590775805915,0
1590775806035,1
1590775806040,0
1590775806160,1
1590775806165,0
1590775806285,1
1590775806290,0
1590775806410,1
1590775806415,0
1590775806535,1
1590775806539,0
1590775806660,1
1590775806664,0
1590775806784,1
1590775806789,0
1590775806909,1
1590775806914,0
1590775807034,1
1590775807038,0
1590775807159,1
1590775807163,0
1590775807283,1
1590775807288,0
1590775807408,1
1590775807413,0
1590775807533,1
1590775807538,0
1590775807658,1
1590775807662,0
1590775807783,1
1590775807787,0
1590775807907,1
1590775807912,0
1590775808032,1
1590775808037,0
1590775808157,1
1590775808162,0
1590775808282,1
1590775808286,0
1590775808406,1
1590775808411,0
1590775808532,1
1590775808536,0
1590775808656,1
1590775808661,0
1590775808781,1
1590775808786,0
1590775808906,1
1590775808910,0
1590775809030,1
1590775809035,0
1590775809155,1
1590775809160,0
1590775809280,1
1590775809285,0
1590775809405,1
1590775809409,0
1590775809530,1
1590775809534,0
1590775809655,1
1590775809659,0
1590775809779,1
1590775809784,0
1590775809904,1
1590775809909,0
1590775810029,1
1590775810033,0
1590775810154,1
1590775810158,0
1590775810279,1
1590775810283,0
1590775810403,1
1590775810408,0
1590775810528,1
1590775810533,0
1590775810653,1
1590775810657,0
1590775810777,1
1590775810782,0
1590775810903,1
1590775810907,0
1590775811027,1
1590775811032,0
1590775811152,1
1590775811157,0
1590775811277,1
1590775811281,0
1590775811402,1
1590775811406,0
1590775811526,1
1590775811531,0
1590775811651,1
1590775811656,0
1590775811776,1
1590775811780,0
1590775811901,1
1590775811905,0
1590775812026,1
1590775812030,0
1590775812150,1
1590775812155,0
1590775812275,1
1590775812280,0
1590775812400,1
1590775812404,0
1590775812525,1
1590775812529,0
1590775812650,1
1590775812654,0
1590775812774,1
1590775812779,0
1590775812899,1
1590775812904,0
1590775813024,1
1590775813028,0
1590775813148,1
1590775813153,0
1590775813274,1
1590775813278,0
1590775813398,1
1590775813403,0
1590775813523,1
1590775813528,0
1590775813648,1
1590775813652,0
1590775813773,1
1590775813777,0
1590775813897,1
1590775813902,0
1590775814022,1
1590775814027,0
1590775814147,1
1590775814151,0
1590775814272,1
1590775814276,0
1590775814397,1
1590775814401,0
1590775814521,1
1590775814526,0
1590775814646,1
1590775814651,0
1590775814771,1
1590775814775,0
1590775814896,1
1590775814900,0
1590775815021,1
1590775815025,0
1590775815145,1
1590775815150,0
1590775815270,1
1590775815275,0
1590775815395,1
1590775815399,0
1590775815520,1
1590775815524,0
1590775815645,1
1590775815649,0
1590775815769,1
1590775815774,0
1590775815894,1
1590775815899,0
1590775816019,1
1590775816023,0
1590775816144,1
1590775816148,0
1590775816268,1
1590775816273,0
1590775816393,1
1590775816398,0
1590775816518,1
1590775816522,0
1590775816643,1
1590775816647,0
1590775816767,1
1590775816772,0
1590775816892,1
1590775816897,0
1590775817017,1
1590775817022,0
1590775817142,1
1590775817146,0
1590775817267,1
1590775817271,0
1590775817392,1
1590775817396,0
1590775817516,1
1590775817521,0
1590775817641,1
1590775817646,0
1590775817766,1
1590775817770,0
1590775817891,1
1590775817895,0
1590775818016,1
1590775818020,0
1590775818140,1
1590775818145,0
1590775818265,1
1590775818270,0
1590775818390,1
1590775818394,0
1590775818514,1
1590775818519,0
1590775818639,1
1590775818644,0
1590775818764,1
1590775818769,0
1590775818889,1
1590775818893,0
1590775819014,1
1590775819018,0
1590775819138,1
1590775819143,0
1590775819263,1
1590775819268,0
1590775819388,1
1590775819393,0
1590775819513,1
1590775819517,0
1590775819638,1
1590775819642,0
1590775819762,1
1590775819767,0
1590775819887,1
1590775819892,0
1590775820012,1
1590775820017,0
1590775820137,1
1590775820141,0
1590775820262,1
1590775820266,0
1590775820386,1
1590775820391,0
1590775820511,1
1590775820516,0
1590775820636,1
1590775820641,0
1590775820761,1
1590775820765,0
1590775820885,1
1590775820890,0
1590775821010,1
1590775821015,0
1590775821135,1
1590775821140,0
1590775821260,1
1590775821264,0
1590775821385,1
1590775821389,0
1590775821509,1
1590775821514,0
1590775821634,1
1590775821639,0
1590775821759,1
1590775821764,0
1590775821884,1
1590775821888,0
1590775822009,1
1590775822013,0
1590775822133,1
1590775822138,0
1590775822258,1
1590775822263,0
1590775822383,1
1590775822388,0
1590775822508,1
1590775822512,0
1590775822633,1
1590775822637,0
1590775822757,1
1590775822762,0
1590775822882,1
1590775822887,0
1590775823007,1
1590775823012,0
1590775823132,1
1590775823136,0
1590775823256,1
1590775823261,0
1590775823381,1
1590775823386,0
1590775823506,1
1590775823511,0
1590775823631,1
1590775823635,0
1590775823756,1
1590775823760,0
1590775823880,1
1590775823885,0
1590775824005,1
1590775824010,0
1590775824130,1
1590775824135,0
1590775824255,1
1590775824259,0
1590775824380,1
1590775824384,0
1590775824504,1
1590775824509,0
1590775824629,1
1590775824634,0
1590775824754,1
1590775824759,0
1590775824879,1
1590775824883,0
1590775825004,1
1590775825008,0
1590775825128,1
1590775825133,0
1590775825253,1
1590775825258,0
1590775825378,1
1590775825383,0
1590775825503,1
1590775825507,0
1590775825627,1
1590775825632,0
1590775825752,1
1590775825757,0
1590775825877,1
1590775825882,0
1590775826002,1
1590775826007,0
1590775826127,1
1590775826131,0
1590775826251,1
1590775826256,0
1590775826376,1
1590775826381,0
1590775826501,1
1590775826506,0
1590775826626,1
1590775826630,0
1590775826751,1
1590775826755,0
1590775826875,1
1590775826880,0
1590775827000,1
1590775827005,0
1590775827125,1
1590775827130,0
1590775827250,1
1590775827254,0
1590775827375,1
1590775827379,0
1590775827499,1
1590775827504,0
1590775827624,1
1590775827629,0
1590775827749,1
1590775827754,0
1590775827874,1
1590775827878,0
1590775827998,1
1590775828003,0
1590775828123,1
1590775828128,0
1590775828248,1
1590775828253,0
1590775828373,1
1590775828378,0
1590775828498,1
1590775828502,0
1590775828622,1
1590775828627,0
1590775828747,1
1590775828752,0
1590775828872,1
1590775828877,0
1590775828997,1
1590775829001,0
1590775829122,1
1590775829126,0
1590775829246,1
1590775829251,0
1590775829371,1
1590775829376,0
1590775829496,1
1590775829501,0
1590775829621,1
1590775829625,0
1590775829746,1
1590775829750,0
1590775829870,1
1590775829875,0
1590775829995,1
1590775830000,0
1590775830120,1
1590775830125,0
1590775830245,1
1590775830249,0
1590775830369,1
1590775830374,0
1590775830494,1
1590775830499,0
1590775830619,1
1590775830624,0
1590775830744,1
1590775830749,0
1590775830869,1
1590775830873,0
1590775830993,1
1590775830998,0
1590775831118,1
1590775831123,0
1590775831243,1
1590775831248,0
1590775831368,1
1590775831372,0
1590775831493,1
1590775831497,0
1590775831617,1
1590775831622,0
1590775831742,1
1590775831747,0
1590775831867,1
1590775831872,0
1590775831992,1
1590775831996,0
1590775832117,1
1590775832121,0
1590775832241,1
1590775832246,0
1590775832366,1
1590775832371,0
1590775832491,1
1590775832496,0
1590775832616,1
1590775832620,0
1590775832740,1
1590775832745,0
1590775832865,1
1590775832870,0
1590775832990,1
1590775832995,0
1590775833115,1
1590775833120,0
1590775833240,1
1590775833244,0
1590775833364,1
1590775833369,0
1590775833489,1
1590775833494,0
1590775833614,1
1590775833619,0
1590775833739,1
1590775833743,0
1590775833864,1
1590775833868,0
1590775833988,1
1590775833993,0
1590775834113,1
1590775834118,0
1590775834238,1
1590775834243,0
1590775834363,1
1590775834367,0
1590775834488,1
1590775834492,0
1590775834612,1
1590775834617,0
1590775834737,1
1590775834742,0
1590775834862,1
1590775834867,0
1590775834987,1
1590775834991,0
1590775835111,1
1590775835116,0
1590775835236,1
1590775835241,0
1590775835361,1
1590775835366,0
1590775835486,1
1590775835491,0
1590775835611,1
1590775835615,0
1590775835735,1
1590775835740,0
1590775835860,1
1590775835865,0
1590775835985,1
1590775835990,0
1590775836110,1
1590775836114,0
1590775836235,1
1590775836239,0
1590775836359,1
1590775836364,0
1590775836484,1
1590775836489,0
1590775836609,1
1590775836614,0
1590775836734,1
1590775836738,0
1590775836859,1
1590775836863,0
1590775836983,1
1590775836988,0
1590775837108,1
1590775837113,0
1590775837233,1
1590775837238,0
1590775837358,1
1590775837362,0
1590775837483,1
1590775837487,0
1590775837607,1
1590775837612,0
1590775837732,1
1590775837737,0
1590775837857,1
1590775837862,0
1590775837982,1
1590775837986,0
1590775838106,1
1590775838111,0
1590775838231,1
1590775838236,0
1590775838356,1
1590775838361,0
1590775838481,1
1590775838485,0
1590775838606,1
1590775838610,0
1590775838730,1
1590775838735,0
1590775838855,1
1590775838860,0
1590775838980,1
1590775838985,0
1590775839105,1
1590775839109,0
1590775839230,1
1590775839234,0
1590775839354,1
1590775839359,0
1590775839479,1
1590775839484,0
1590775839604,1
1590775839609,0
1590775839729,1
1590775839733,0
1590775839854,1
1590775839858,0
1590775839978,1
1590775839983,0
1590775840103,1
1590775840108,0
1590775840228,1
1590775840233,0
1590775840353,1
1590775840357,0
1590775840477,1
1590775840482,0
1590775840602,1
1590775840607,0
1590775840727,1
1590775840732,0
1590775840852,1
1590775840856,0
1590775840977,1
1590775840981,0
1590775841101,1
1590775841106,0
1590775841226,1
1590775841231,0
1590775841351,1
1590775841356,0
1590775841476,1
1590775841480,0
1590775841601,1
1590775841605,0
1590775841725,1
1590775841730,0
1590775841850,1
1590775841855,0
1590775841975,1
1590775841980,0
1590775842100,1
1590775842104,0
1590775842225,1
1590775842229,0
1590775842349,1
1590775842354,0
1590775842474,1
1590775842479,0
1590775842599,1
1590775842604,0
1590775842724,1
1590775842728,0
1590775842848,1
1590775842853,0
1590775842973,1
1590775842978,0
1590775843098,1
1590775843103,0
1590775843223,1
1590775843228,0
1590775843348,1
1590775843352,0
1590775843472,1
1590775843477,0
1590775843597,1
1590775843602,0
1590775843722,1
1590775843727,0
1590775843847,1
1590775843851,0
1590775843972,1
1590775843976,0
1590775844096,1
1590775844101,0
1590775844221,1
1590775844226,0
1590775844346,1
1590775844351,0
1590775844471,1
1590775844475,0
1590775844596,1
1590775844600,0
1590775844720,1
1590775844725,0
1590775844845,1
1590775844850,0
1590775844970,1
1590775844975,0
1590775845095,1
1590775845099,0
1590775845219,1
1590775845224,0
1590775845344,1
1590775845349,0
1590775845469,1
1590775845474,0
1590775845594,1
1590775845599,0
1590775845719,1
1590775845723,0
1590775845843,1
1590775845848,0
1590775845968,1
1590775845973,0
1590775846093,1
1590775846098,0
1590775846218,1
1590775846222,0
1590775846343,1
1590775846347,0
1590775846467,1
1590775846472,0
1590775846592,1
1590775846597,0
1590775846717,1
1590775846722,0
1590775846842,1
1590775846846,0
1590775846967,1
1590775846971,0
1590775847091,1
1590775847096,0
1590775847216,1
1590775847221,0
1590775847341,1
1590775847346,0
1590775847466,1
1590775847470,0
1590775847590,1
1590775847595,0
1590775847715,1
1590775847720,0
1590775847840,1
1590775847845,0
1590775847965,1
1590775847970,0
1590775848090,1
1590775848094,0
1590775848214,1
1590775848219,0
1590775848339,1
1590775848344,0
1590775848464,1
1590775848469,0
1590775848589,1
1590775848593,0
1590775848714,1
1590775848718,0
1590775848838,1
1590775848843,0
1590775848963,1
1590775848968,0
1590775849088,1
1590775849093,0
1590775849213,1
1590775849217,0
1590775849338,1
1590775849342,0
1590775849462,1
1590775849467,0
1590775849587,1
1590775849592,0
1590775849712,1
1590775849717,0
1590775849837,1
1590775849841,0
1590775849961,1
1590775849966,0
1590775850086,1
1590775850091,0
1590775850211,1
1590775850216,0
1590775850336,1
1590775850341,0
1590775850461,1
1590775850465,0
1590775850585,1
1590775850590,0
1590775850710,1
1590775850715,0
1590775850835,1
1590775850840,0
1590775850960,1
1590775850964,0
1590775851085,1
1590775851089,0
1590775851209,1
1590775851214,0
1590775851334,1
1590775851339,0
1590775851459,1
1590775851464,0
1590775851584,1
1590775851588,0
1590775851709,1
1590775851713,0
1590775851833,1
1590775851838,0
1590775851958,1
1590775851963,0
1590775852083,1
1590775852088,0
1590775852208,1
1590775852212,0
1590775852333,1
1590775852337,0
1590775852457,1
1590775852462,0
1590775852582,1
1590775852587,0
1590775852707,1
1590775852712,0
1590775852832,1
1590775852836,0
1590775852956,1
1590775852961,0
1590775853081,1
1590775853086,0
1590775853206,1
1590775853211,0
1590775853331,1
1590775853335,0
1590775853456,1
1590775853460,0
1590775853580,1
1590775853585,0
1590775853705,1
1590775853710,0
1590775853830,1
1590775853835,0
1590775853955,1
1590775853959,0
1590775854080,1
1590775854084,0
1590775854204,1
1590775854209,0
1590775854329,1
1590775854334,0
1590775854454,1
1590775854459,0
1590775854579,1
1590775854583,0
1590775854704,1
1590775854708,0
1590775854828,1
1590775854833,0
1590775854953,1
1590775854958,0
1590775855078,1
1590775855083,0
1590775855203,1
1590775855207,0
1590775855327,1
1590775855332,0
1590775855452,1
1590775855457,0
1590775855577,1
1590775855582,0
1590775855702,1
1590775855707,0
1590775855827,1
1590775855831,0
1590775855951,1
1590775855956,0
1590775856076,1
1590775856081,0
1590775856201,1
1590775856206,0
1590775856326,1
1590775856330,0
1590775856451,1
1590775856455,0
1590775856575,1
1590775856580,0
1590775856700,1
1590775856705,0
1590775856825,1
1590775856830,0
1590775856950,1
1590775856954,0
1590775857075,1
1590775857079,0
1590775857199,1
1590775857204,0
1590775857324,1
1590775857329,0
1590775857449,1
1590775857454,0
1590775857574,1
1590775857578,0
1590775857698,1
1590775857703,0
1590775857823,1
1590775857828,0
1590775857948,1
1590775857953,0
1590775858073,1
1590775858078,0
1590775858198,1
1590775858202,0
1590775858322,1
1590775858327,0
1590775858447,1
1590775858452,0
1590775858572,1
1590775858577,0
1590775858697,1
1590775858701,0
1590775858822,1
1590775858826,0
1590775858946,1
1590775858951,0
1590775859071,1
1590775859076,0
1590775859196,1
1590775859201,0
1590775859321,1
1590775859325,0
1590775859446,1
1590775859450,0
1590775859570,1
1590775859575,0
1590775859695,1
1590775859700,0
1590775859820,1
1590775859825,0
1590775859945,1
1590775859949,0
1590775860069,1
1590775860074,0
1590775860194,1
1590775860199,0
1590775860319,1
1590775860324,0
1590775860444,1
1590775860449,0
1590775860569,1
1590775860573,0
1590775860693,1
1590775860698,0
1590775860818,1
1590775860823,0
1590775860943,1
1590775860948,0
1590775861068,1
1590775861072,0
1590775861193,1
1590775861197,0
1590775861317,1
1590775861322,0
1590775861442,1
1590775861447,0
1590775861567,1
1590775861572,0
1590775861692,1
1590775861696,0
1590775861817,1
1590775861821,0
1590775861941,1
1590775861946,0
1590775862066,1
1590775862071,0
1590775862191,1
1590775862196,0
1590775862316,1
1590775862320,0
1590775862440,1
1590775862445,0
1590775862565,1
1590775862570,0
1590775862690,1
1590775862695,0
1590775862815,1
1590775862820,0
1590775862940,1
1590775862944,0
1590775863064,1
1590775863069,0
1590775863189,1
1590775863194,0
1590775863314,1
1590775863319,0
1590775863439,1
1590775863443,0
1590775863564,1
1590775863568,0
1590775863688,1
1590775863693,0
1590775863813,1
1590775863818,0
1590775863938,1
1590775863943,0
1590775864063,1
1590775864067,0
1590775864188,1
1590775864192,0
1590775864312,1
1590775864317,0
1590775864437,1
1590775864442,0
1590775864562,1
1590775864567,0
1590775864687,1
1590775864691,0
1590775864812,1
1590775864816,0
1590775864936,1
1590775864941,0
1590775865061,1
1590775865066,0
1590775865186,1
1590775865191,0
1590775865311,1
1590775865315,0
1590775865435,1
1590775865440,0
1590775865560,1
1590775865565,0
1590775865685,1
1590775865690,0
1590775865810,1
1590775865814,0
1590775865935,1
1590775865939,0
1590775866059,1
1590775866064,0
1590775866184,1
1590775866189,0
1590775866309,1
1590775866314,0
1590775866434,1
1590775866438,0
1590775866559,1
1590775866563,0
1590775866683,1
1590775866688,0
1590775866808,1
1590775866813,0
1590775866933,1
1590775866938,0
1590775867058,1
1590775867062,0
1590775867183,1
1590775867187,0
1590775867307,1
1590775867312,0
1590775867432,1
1590775867437,0
1590775867557,1
1590775867562,0
1590775867682,1
1590775867686,0
1590775867806,1
1590775867811,0
1590775867931,1
1590775867936,0
1590775868056,1
1590775868061,0
1590775868181,1
1590775868185,0
1590775868306,1
1590775868310,0
1590775868430,1
1590775868435,0
1590775868555,1
1590775868560,0
1590775868680,1
1590775868685,0
1590775868805,1
1590775868809,0
1590775868930,1
1590775868934,0
1590775869054,1
1590775869059,0
1590775869179,1
1590775869184,0
1590775869304,1
1590775869309,0
1590775869429,1
1590775869433,0
1590775869554,1
1590775869558,0
1590775869678,1
1590775869683,0
1590775869803,1
1590775869808,0
1590775869928,1
1590775869933,0
1590775870053,1
1590775870057,0
1590775870177,1
1590775870182,0
1590775870302,1
1590775870307,0
1590775870427,1
1590775870432,0
1590775870552,1
1590775870557,0
1590775870677,1
1590775870681,0
1590775870801,1
1590775870806,0
1590775870926,1
1590775870931,0
1590775871051,1
1590775871056,0
1590775871176,1
1590775871180,0
1590775871301,1
1590775871305,0
1590775871425,1
1590775871430,0
1590775871550,1
1590775871555,0
1590775871675,1
1590775871680,0
1590775871800,1
1590775871804,0
1590775871925,1
1590775871929,0
1590775872049,1
1590775872054,0
1590775872174,1
1590775872179,0
1590775872299,1
1590775872304,0
1590775872424,1
1590775872428,0
1590775872548,1
1590775872553,0
1590775872673,1
1590775872678,0
1590775872798,1
1590775872803,0
1590775872923,1
1590775872928,0
1590775873048,1
1590775873052,0
1590775873172,1
1590775873177,0
1590775873297,1
1590775873302,0
1590775873422,1
1590775873427,0
1590775873547,1
1590775873551,0
1590775873672,1
1590775873676,0
1590775873796,1
1590775873801,0
1590775873921,1
1590775873926,0
1590775874046,1
1590775874051,0
1590775874171,1
1590775874175,0
1590775874296,1
1590775874300,0
1590775874420,1
1590775874425,0
1590775874545,1
1590775874550,0
1590775874670,1
1590775874675,0
1590775874795,1
1590775874799,0
1590775874919,1
1590775874924,0
1590775875044,1
1590775875049,0
1590775875169,1
1590775875174,0
1590775875294,1
1590775875299,0
1590775875419,1
1590775875423,0
1590775875543,1
1590775875548,0
1590775875668,1
1590775875673,0
1590775875793,1
1590775875798,0
1590775875918,1
1590775875922,0
1590775876043,1
1590775876047,0
1590775876167,1
1590775876172,0
1590775876292,1
1590775876297,0
1590775876417,1
1590775876422,0
1590775876542,1
1590775876546,0
1590775876667,1
1590775876671,0
1590775876791,1
1590775876796,0
1590775876916,1
1590775876921,0
1590775877041,1
1590775877046,0
1590775877166,1
1590775877170,0
1590775877291,1
1590775877295,0
1590775877415,1
1590775877420,0
1590775877540,1
1590775877545,0
1590775877665,1
1590775877670,0
1590775877790,1
1590775877794,0
1590775877914,1
1590775877919,0
1590775878039,1
1590775878044,0
1590775878164,1
1590775878169,0
1590775878289,1
1590775878293,0
1590775878414,1
1590775878418,0
1590775878538,1
1590775878543,0
1590775878663,1
1590775878668,0
1590775878788,1
1590775878793,0
1590775878913,1
1590775878917,0
1590775879038,1
1590775879042,0
1590775879162,1
1590775879167,0
1590775879287,1
1590775879292,0
1590775879412,1
1590775879417,0
1590775879537,1
1590775879541,0
1590775879662,1
1590775879666,0
1590775879787,1
1590775879791,0
1590775879911,1
1590775879916,0
1590775880036,1
1590775880041,0
1590775880161,1
1590775880165,0
1590775880286,1
1590775880290,0
1590775880411,1
1590775880415,0
1590775880535,1
1590775880540,0
1590775880660,1
1590775880664,0
1590775880785,1
1590775880789,0
1590775880910,1
1590775880914,0
1590775881034,1
1590775881039,0
1590775881159,1
1590775881164,0
1590775881284,1
1590775881288,0
1590775881409,1
1590775881413,0
1590775881534,1
1590775881538,0
1590775881658,1
1590775881663,0
1590775881783,1
1590775881788,0
1590775881908,1
1590775881912,0
1590775882033,1
1590775882037,0
1590775882157,1
1590775882162,0
1590775882282,1
1590775882287,0
1590775882407,1
1590775882412,0
1590775882532,1
1590775882536,0
1590775882656,1
1590775882661,0
1590775882781,1
1590775882786,0
1590775882906,1
1590775882911,0
1590775883031,1
1590775883036,0
1590775883156,1
1590775883160,0
1590775883280,1
1590775883285,0
1590775883405,1
1590775883410,0
1590775883530,1
1590775883535,0
1590775883655,1
1590775883659,0
1590775883780,1
1590775883784,0
1590775883904,1
1590775883909,0
1590775884029,1
1590775884034,0
1590775884154,1
1590775884159,0
1590775884279,1
1590775884283,0
1590775884404,1
1590775884408,0
1590775884529,1
1590775884533,0
1590775884653,1
1590775884658,0
1590775884778,1
1590775884783,0
1590775884903,1
1590775884907,0
1590775885028,1
1590775885032,0
1590775885153,1
1590775885157,0
1590775885277,1
1590775885282,0
1590775885402,1
1590775885407,0
1590775885527,1
1590775885531,0
1590775885652,1
1590775885656,0
1590775885776,1
1590775885781,0
1590775885901,1
1590775885906,0
1590775886026,1
1590775886030,0
1590775886151,1
1590775886155,0
1590775886276,1
1590775886280,0
1590775886400,1
1590775886405,0
1590775886525,1
1590775886530,0
1590775886650,1
1590775886654,0
1590775886775,1
1590775886779,0
1590775886899,1
1590775886904,0
1590775887024,1
1590775887029,0
1590775887149,1
1590775887154,0
1590775887274,1
1590775887278,0
1590775887399,1
1590775887403,0
1590775887523,1
1590775887528,0
1590775887648,1
1590775887653,0
1590775887773,1
1590775887778,0
1590775887898,1
1590775887902,0
1590775888022,1
1590775888027,0
1590775888147,1
1590775888152,0
1590775888272,1
1590775888277,0
1590775888397,1
1590775888401,0
1590775888522,1
1590775888526,0
1590775888647,1
1590775888651,0
1590775888771,1
1590775888776,0
1590775888896,1
1590775888901,0
1590775889021,1
1590775889025,0
1590775889146,1
1590775889150,0
1590775889271,1
1590775889275,0
1590775889395,1
1590775889400,0
1590775889520,1
1590775889525,0
1590775889645,1
1590775889649,0
1590775889770,1
1590775889774,0
1590775889894,1
1590775889899,0
1590775890019,1
1590775890024,0
1590775890144,1
1590775890149,0
1590775890269,1
1590775890273,0
1590775890394,1
1590775890398,0
1590775890518,1
1590775890523,0
1590775890643,1
1590775890648,0
1590775890768,1
1590775890772,0
1590775890893,1
1590775890897,0
1590775891017,1
1590775891022,0
1590775891142,1
1590775891147,0
1590775891267,1
1590775891272,0
1590775891392,1
1590775891396,0
1590775891517,1
1590775891521,0
1590775891642,1
1590775891646,0
1590775891766,1
1590775891771,0
1590775891891,1
1590775891896,0
1590775892016,1
1590775892020,0
1590775892141,1
1590775892145,0
1590775892266,1
1590775892270,0
1590775892390,1
1590775892395,0
1590775892515,1
1590775892520,0
1590775892640,1
1590775892644,0
1590775892764,1
1590775892769,0
1590775892889,1
1590775892894,0
1590775893014,1
1590775893019,0
1590775893139,1
1590775893143,0
1590775893264,1
1590775893268,0
1590775893388,1
1590775893393,0
1590775893513,1
1590775893518,0
1590775893638,1
1590775893643,0
1590775893763,1
1590775893767,0
1590775893888,1
1590775893892,0
1590775894013,1
1590775894017,0
1590775894137,1
1590775894142,0
1590775894262,1
1590775894267,0
1590775894387,1
1590775894391,0
1590775894512,1
1590775894516,0
1590775894636,1
1590775894641,0
1590775894761,1
1590775894766,0
1590775894886,1
1590775894891,0
1590775895011,1
1590775895015,0
1590775895136,1
1590775895140,0
1590775895261,1
1590775895265,0
1590775895385,1
1590775895390,0
1590775895510,1
1590775895515,0
1590775895635,1
1590775895639,0
1590775895760,1
1590775895764,0
1590775895884,1
1590775895889,0
1590775896009,1
1590775896014,0
1590775896134,1
1590775896138,0
1590775896259,1
1590775896263,0
1590775896384,1
1590775896388,0
1590775896508,1
1590775896513,0
1590775896633,1
1590775896638,0
1590775896758,1
1590775896762,0
1590775896883,1
1590775896887,0
1590775897008,1
1590775897012,0
1590775897132,1
1590775897137,0
1590775897257,1
1590775897262,0
1590775897382,1
1590775897386,0
1590775897507,1
1590775897511,0
1590775897631,1
1590775897636,0
1590775897756,1
1590775897761,0
1590775897881,1
1590775897886,0
1590775898006,1
1590775898010,0
1590775898130,1
1590775898135,0
1590775898255,1
1590775898260,0
1590775898380,1
1590775898385,0
1590775898505,1
1590775898509,0
1590775898630,1
1590775898634,0
1590775898755,1
1590775898759,0
1590775898879,1
1590775898884,0
1590775899004,1
1590775899009,0
1590775899129,1
1590775899133,0
1590775899254,1
1590775899258,0
1590775899378,1
1590775899383,0
1590775899503,1
1590775899508,0
1590775899628,1
1590775899633,0
1590775899753,1
1590775899757,0
1590775899878,1
1590775899882,0
1590775900002,1
1590775900007,0
1590775900127,1
1590775900132,0
1590775900252,1
1590775900257,0
1590775900377,1
1590775900381,0
1590775900501,1
1590775900506,0
1590775900626,1
1590775900631,0
1590775900751,1
1590775900756,0
1590775900876,1
1590775900880,0
1590775901001,1
1590775901005,0
1590775901126,1
1590775901130,0
1590775901250,1
1590775901255,0
1590775901375,1
1590775901380,0
1590775901500,1
1590775901504,0
1590775901625,1
1590775901629,0
1590775901750,1
1590775901754,0
1590775901874,1
1590775901879,0
1590775901999,1
1590775902004,0
1590775902124,1
1590775902128,0
1590775902249,1
1590775902253,0
1590775902373,1
1590775902378,0
1590775902498,1
1590775902503,0
1590775902623,1
1590775902628,0
1590775902748,1
1590775902752,0
1590775902872,1
1590775902877,0
1590775902997,1
1590775903002,0
1590775903122,1
1590775903127,0
1590775903247,1
1590775903251,0
1590775903372,1
1590775903376,0
1590775903497,1
1590775903501,0
1590775903621,1
1590775903626,0
1590775903746,1
1590775903751,0
1590775903871,1
1590775903875,0
1590775903996,1
1590775904000,0
1590775904121,1
1590775904125,0
1590775904245,1
1590775904250,0
1590775904370,1
1590775904375,0
1590775904495,1
1590775904499,0
1590775904620,1
1590775904624,0
1590775904745,1
1590775904749,0
1590775904869,1
1590775904874,0
1590775904994,1
1590775904999,0
1590775905119,1
1590775905123,0
1590775905244,1
1590775905248,0
1590775905368,1
1590775905373,0
1590775905493,1
1590775905498,0
1590775905618,1
1590775905623,0
1590775905743,1
1590775905747,0
1590775905867,1
1590775905872,0
1590775905992,1
1590775905997,0
1590775906117,1
1590775906122,0
1590775906242,1
1590775906246,0
1590775906367,1
1590775906371,0
1590775906491,1
1590775906496,0
1590775906616,1
1590775906621,0
1590775906741,1
1590775906746,0
1590775906866,1
1590775906870,0
1590775906991,1
1590775906995,0
1590775907115,1
1590775907120,0
1590775907240,1
1590775907245,0
1590775907365,1
1590775907370,0
1590775907490,1
1590775907494,0
1590775907615,1
1590775907619,0
1590775907740,1
1590775907744,0
1590775907864,1
1590775907869,0
1590775907989,1
1590775907994,0
1590775908114,1
1590775908118,0
1590775908239,1
1590775908243,0
1590775908363,1
1590775908368,0
1590775908488,1
1590775908493,0
1590775908613,1
1590775908617,0
1590775908738,1
1590775908742,0
1590775908863,1
1590775908867,0
1590775908987,1
1590775908992,0
1590775909112,1
1590775909117,0
1590775909237,1
1590775909241,0
1590775909362,1
1590775909366,0
1590775909487,1
1590775909491,0
1590775909611,1
1590775909616,0
1590775909736,1
1590775909741,0
1590775909861,1
1590775909865,0
1590775909986,1
1590775909990,0
1590775910111,1
1590775910115,0
1590775910235,1
1590775910240,0
1590775910360,1
1590775910365,0
1590775910485,1
1590775910489,0
1590775910610,1
1590775910614,0
1590775910734,1
1590775910739,0
1590775910859,1
1590775910864,0
1590775910984,1
1590775910988,0
1590775911109,1
1590775911113,0
1590775911234,1
1590775911238,0
1590775911358,1
1590775911363,0
1590775911483,1
1590775911488,0
1590775911608,1
1590775911612,0
1590775911733,1
1590775911737,0
1590775911858,1
1590775911862,0
1590775911982,1
1590775911987,0
1590775912107,1
1590775912112,0
1590775912232,1
1590775912236,0
1590775912357,1
1590775912361,0
1590775912482,1
1590775912486,0
1590775912606,1
1590775912611,0
1590775912731,1
1590775912736,0
1590775912856,1
1590775912860,0
1590775912981,1
1590775912985,0
1590775913105,1
1590775913110,0
1590775913230,1
1590775913235,0
1590775913355,1
1590775913359,0
1590775913480,1
1590775913484,0
1590775913605,1
1590775913609,0
1590775913729,1
1590775913734,0
1590775913854,1
1590775913859,0
1590775913979,1
1590775913983,0
1590775914104,1
1590775914108,0
1590775914229,1
1590775914233,0
1590775914353,1
1590775914358,0
1590775914478,1
1590775914483,0
1590775914603,1
1590775914607,0
1590775914728,1
1590775914732,0
1590775914852,1
1590775914857,0
1590775914977,1
1590775914982,0
1590775915102,1
1590775915107,0
1590775915227,1
1590775915231,0
1590775915351,1
1590775915356,0
1590775915476,1
1590775915481,0
1590775915601,1
1590775915606,0
1590775915726,1
1590775915730,0
1590775915851,1
1590775915855,0
1590775915975,1
1590775915980,0
1590775916100,1
1590775916105,0
1590775916225,1
1590775916230,0
1590775916350,1
1590775916354,0
1590775916475,1
1590775916479,0
1590775916599,1
1590775916604,0
1590775916724,1
1590775916729,0
1590775916849,1
1590775916854,0
1590775916974,1
1590775916978,0
1590775917099,1
1590775917103,0
1590775917224,1
1590775917228,0
1590775917348,1
1590775917353,0
1590775917473,1
1590775917478,0
1590775917598,1
1590775917602,0
1590775917722,1
1590775917727,0
1590775917848,1
1590775917852,0
1590775917972,1
1590775917977,0
1590775918097,1
1590775918102,0
1590775918222,1
1590775918226,0
1590775918347,1
1590775918351,0
1590775918471,1
1590775918476,0
1590775918596,1
1590775918601,0
1590775918721,1
1590775918725,0
1590775918846,1
1590775918850,0
1590775918971,1
1590775918975,0
1590775919095,1
1590775919100,0
1590775919220,1
1590775919225,0
1590775919345,1
1590775919349,0
1590775919470,1
1590775919474,0
1590775919595,1
1590775919599,0
1590775919719,1
1590775919724,0
1590775919844,1
1590775919849,0
1590775919969,1
1590775919973,0
1590775920094,1
1590775920098,0
1590775920218,1
1590775920223,0
1590775920343,1
1590775920348,0
1590775920468,1
1590775920473,0
1590775920593,1
1590775920597,0
1590775920718,1
1590775920722,0
1590775920842,1
1590775920847,0
1590775920967,1
1590775920972,0
1590775921092,1
1590775921096,0
1590775921217,1
1590775921221,0
1590775921342,1
1590775921346,0
1590775921466,1
1590775921471,0
1590775921591,1
1590775921596,0
1590775921716,1
1590775921720,0
1590775921841,1
1590775921845,0
1590775921965,1
1590775921970,0
1590775922090,1
1590775922095,0
1590775922215,1
1590775922220,0
1590775922340,1
1590775922344,0
1590775922464,1
1590775922469,0
1590775922590,1
1590775922594,0
1590775922714,1
1590775922719,0
1590775922839,1
1590775922844,0
1590775922964,1
1590775922968,0
1590775923089,1
1590775923093,0
1590775923213,1
1590775923218,0
1590775923338,1
1590775923343,0
1590775923463,1
1590775923467,0
1590775923588,1
1590775923592,0
1590775923713,1
1590775923717,0
1590775923837,1
1590775923842,0
1590775923962,1
1590775923967,0
1590775924087,1
1590775924091,0
1590775924212,1
1590775924216,0
1590775924336,1
1590775924341,0
1590775924461,1
1590775924466,0
1590775924586,1
1590775924591,0
1590775924711,1
1590775924715,0
1590775924836,1
1590775924840,0
1590775924961,1
1590775924965,0
1590775925085,1
1590775925090,0
1590775925210,1
1590775925215,0
1590775925335,1
1590775925339,0
1590775925459,1
1590775925464,0
1590775925584,1
1590775925589,0
1590775925709,1
1590775925714,0
1590775925834,1
1590775925838,0
1590775925959,1
1590775925963,0
1590775926084,1
1590775926088,0
1590775926208,1
1590775926213,0
1590775926333,1
1590775926338,0
1590775926458,1
1590775926462,0
1590775926583,1
1590775926587,0
1590775926708,1
1590775926712,0
1590775926832,1
1590775926837,0
1590775926957,1
1590775926962,0
1590775927082,1
1590775927086,0
1590775927207,1
1590775927211,0
1590775927331,1
1590775927336,0
1590775927456,1
1590775927461,0
1590775927581,1
1590775927586,0
1590775927706,1
1590775927710,0
1590775927831,1
1590775927835,0
1590775927955,1
1590775927960,0
1590775928080,1
1590775928085,0
1590775928205,1
1590775928210,0
1590775928330,1
1590775928334,0
1590775928454,1
1590775928459,0
1590775928579,1
1590775928584,0
1590775928704,1
1590775928709,0
1590775928829,1
1590775928833,0
1590775928954,1
1590775928958,0
1590775929078,1
1590775929083,0
1590775929203,1
1590775929208,0
1590775929328,1
1590775929333,0
1590775929453,1
1590775929457,0
1590775929578,1
1590775929582,0
1590775929703,1
1590775929707,0
1590775929827,1
1590775929832,0
1590775929952,1
1590775929957,0
1590775930077,1
1590775930081,0
1590775930201,1
1590775930206,0
1590775930327,1
1590775930331,0
1590775930451,1
1590775930456,0
1590775930576,1
1590775930581,0
1590775930701,1
1590775930705,0
1590775930826,1
1590775930830,0
1590775930950,1
1590775930955,0
1590775931075,1
1590775931080,0
1590775931200,1
1590775931204,0
1590775931325,1
1590775931329,0
1590775931450,1
1590775931454,0
1590775931574,1
1590775931579,0
1590775931699,1
1590775931704,0
1590775931824,1
1590775931828,0
1590775931949,1
1590775931953,0
1590775932074,1
1590775932078,0
1590775932198,1
1590775932203,0
1590775932323,1
1590775932328,0
1590775932448,1
1590775932452,0
1590775932573,1
1590775932577,0
1590775932697,1
1590775932702,0
1590775932822,1
1590775932827,0
1590775932947,1
1590775932952,0
1590775933072,1
1590775933076,0
1590775933196,1
1590775933201,0
1590775933322,1
1590775933326,0
1590775933446,1
1590775933451,0
1590775933571,1
1590775933575,0
1590775933696,1
1590775933700,0
1590775933821,1
1590775933825,0
1590775933945,1
1590775933950,0
1590775934070,1
1590775934075,0
1590775934195,1
1590775934199,0
1590775934320,1
1590775934324,0
1590775934445,1
1590775934449,0
1590775934569,1
1590775934574,0
1590775934694,1
1590775934699,0
1590775934819,1
1590775934823,0
1590775934944,1
1590775934948,0
1590775935069,1
1590775935073,0
1590775935193,1
1590775935198,0
1590775935318,1
1590775935323,0
1590775935443,1
1590775935447,0
1590775935568,1
1590775935572,0
1590775935692,1
1590775935697,0
1590775935817,1
1590775935822,0
1590775935942,1
1590775935946,0
1590775936067,1
1590775936071,0
1590775936192,1
1590775936196,0
1590775936316,1
1590775936321,0
1590775936441,1
1590775936446,0
1590775936566,1
1590775936570,0
1590775936691,1
1590775936695,0
1590775936816,1
1590775936820,0
1590775936940,1
1590775936945,0
1590775937065,1
1590775937070,0
1590775937190,1
1590775937194,0
1590775937315,1
1590775937319,0
1590775937440,1
1590775937444,0
1590775937564,1
1590775937569,0
1590775937689,1
1590775937694,0
1590775937814,1
1590775937818,0
1590775937939,1
1590775937943,0
1590775938063,1
1590775938068,0
1590775938188,1
1590775938193,0
1590775938313,1
1590775938318,0
1590775938438,1
1590775938442,0
1590775938563,1
1590775938567,0
1590775938687,1
1590775938692,0
1590775938812,1
1590775938817,0
1590775938937,1
1590775938941,0
1590775939062,1
1590775939066,0
1590775939186,1
1590775939191,0
1590775939311,1
1590775939316,0
1590775939436,1
1590775939441,0
1590775939561,1
1590775939565,0
1590775939686,1
1590775939690,0
1590775939810,1
1590775939815,0
1590775939935,1
1590775939940,0
1590775940060,1
1590775940065,0
1590775940185,1
1590775940189,0
1590775940310,1
1590775940314,0
1590775940435,1
1590775940439,0
1590775940559,1
1590775940564,0
1590775940684,1
1590775940689,0
1590775940809,1
1590775940813,0
1590775940934,1
1590775940938,0
1590775941058,1
1590775941063,0
1590775941183,1
1590775941188,0
1590775941308,1
1590775941312,0
1590775941433,1
1590775941437,0
1590775941557,1
1590775941562,0
1590775941682,1
1590775941687,0
1590775941807,1
1590775941812,0
1590775941932,1
1590775941936,0
1590775942057,1
1590775942061,0
1590775942182,1
1590775942186,0
1590775942306,1
1590775942311,0
1590775942431,1
1590775942436,0
1590775942556,1
1590775942560,0
1590775942681,1
1590775942685,0
1590775942806,1
1590775942810,0
1590775942930,1
1590775942935,0
1590775943055,1
1590775943060,0
1590775943180,1
1590775943184,0
1590775943305,1
1590775943309,0
1590775943429,1
1590775943434,0
1590775943554,1
1590775943559,0
1590775943679,1
1590775943683,0
1590775943804,1
1590775943808,0
1590775943928,1
1590775943933,0
1590775944053,1
1590775944058,0
1590775944178,1
1590775944183,0
1590775944303,1
1590775944307,0
1590775944428,1
1590775944432,0
1590775944553,1
1590775944557,0
1590775944677,1
1590775944682,0
1590775944802,1
1590775944807,0
1590775944927,1
1590775944931,0
1590775945052,1
1590775945056,0
1590775945177,1
1590775945181,0
1590775945301,1
1590775945306,0
1590775945426,1
1590775945431,0
1590775945551,1
1590775945555,0
1590775945676,1
1590775945680,0
1590775945800,1
1590775945805,0
1590775945925,1
1590775945930,0
1590775946050,1
1590775946054,0
1590775946175,1
1590775946179,0
1590775946300,1
1590775946304,0
1590775946424,1
1590775946429,0
1590775946549,1
1590775946554,0
1590775946674,1
1590775946678,0
1590775946799,1
1590775946803,0
1590775946924,1
1590775946928,0
1590775947048,1
1590775947053,0
1590775947173,1
1590775947178,0
1590775947298,1
1590775947302,0
1590775947423,1
1590775947427,0
1590775947547,1
1590775947552,0
1590775947672,1
1590775947677,0
1590775947797,1
1590775947802,0
1590775947922,1
1590775947926,0
1590775948046,1
1590775948051,0
1590775948172,1
1590775948176,0
1590775948296,1
1590775948301,0
1590775948421,1
1590775948426,0
1590775948546,1
1590775948550,0
1590775948670,1
1590775948675,0
1590775948795,1
1590775948800,0
1590775948920,1
1590775948925,0
1590775949045,1
1590775949049,0
1590775949170,1
1590775949174,0
1590775949295,1
1590775949299,0
1590775949419,1
1590775949424,0
1590775949544,1
1590775949549,0
1590775949669,1
1590775949673,0
1590775949794,1
1590775949798,0
1590775949919,1
1590775949923,0
1590775950043,1
1590775950048,0
1590775950168,1
1590775950173,0
1590775950293,1
1590775950297,0
1590775950418,1
1590775950422,0
1590775950542,1
1590775950547,0
1590775950667,1
1590775950672,0
1590775950792,1
1590775950797,0
1590775950917,1
1590775950921,0
1590775951042,1
1590775951046,0
1590775951166,1
1590775951171,0
1590775951291,1
1590775951296,0
1590775951416,1
1590775951420,0
1590775951541,1
1590775951545,0
1590775951666,1
1590775951670,0
1590775951790,1
1590775951795,0
1590775951915,1
1590775951920,0
1590775952040,1
1590775952044,0
1590775952165,1
1590775952169,0
1590775952290,1
1590775952294,0
1590775952414,1
1590775952419,0
1590775952539,1
1590775952544,0
1590775952664,1
1590775952668,0
1590775952789,1
1590775952793,0
1590775952913,1
1590775952918,0
1590775953038,1
1590775953043,0
1590775953163,1
1590775953168,0
1590775953288,1
1590775953292,0
1590775953412,1
1590775953417,0
1590775953537,1
1590775953542,0
1590775953662,1
1590775953667,0
1590775953787,1
1590775953791,0
1590775953912,1
1590775953916,0
1590775954037,1
1590775954041,0
1590775954161,1
1590775954166,0
1590775954286,1
1590775954291,0
1590775954411,1
1590775954415,0
1590775954536,1
1590775954540,0
1590775954660,1
1590775954665,0
1590775954785,1
1590775954790,0
1590775954910,1
1590775954915,0
1590775955035,1
1590775955039,0
1590775955160,1
1590775955164,0
1590775955285,1
1590775955289,0
1590775955409,1
1590775955414,0
1590775955534,1
1590775955539,0
1590775955659,1
1590775955663,0
1590775955784,1
1590775955788,0
1590775955908,1
1590775955913,0
1590775956033,1
1590775956038,0
1590775956158,1
1590775956162,0
1590775956283,1
1590775956287,0
1590775956407,1
1590775956412,0
1590775956532,1
1590775956537,0
1590775956657,1
1590775956662,0
1590775956782,1
1590775956786,0
1590775956907,1
1590775956911,0
1590775957032,1
1590775957036,0
1590775957156,1
1590775957161,0
1590775957281,1
1590775957286,0
1590775957406,1
1590775957410,0
1590775957531,1
1590775957535,0
1590775957656,1
1590775957660,0
1590775957780,1
1590775957785,0
1590775957905,1
1590775957910,0
1590775958030,1
1590775958034,0
1590775958154,1
1590775958159,0
1590775958280,1
1590775958284,0
1590775958404,1
1590775958409,0
1590775958529,1
1590775958534,0
1590775958654,1
1590775958658,0
1590775958779,1
1590775958783,0
1590775958903,1
1590775958908,0
1590775959028,1
1590775959033,0
1590775959153,1
1590775959157,0
1590775959278,1
1590775959282,0
1590775959402,1
1590775959407,0
1590775959527,1
1590775959532,0
1590775959652,1
1590775959657,0
1590775959777,1
1590775959781,0
1590775959902,1
1590775959906,0
1590775960026,1
1590775960031,0
1590775960151,1
1590775960156,0
1590775960276,1
1590775960281,0
1590775960401,1
1590775960405,0
1590775960526,1
1590775960530,0
1590775960650,1
1590775960655,0
1590775960775,1
1590775960780,0
1590775960900,1
1590775960905,0
1590775961025,1
1590775961029,0
1590775961149,1
1590775961154,0
1590775961274,1
1590775961279,0
1590775961399,1
1590775961404,0
1590775961524,1
1590775961528,0
1590775961649,1
1590775961653,0
1590775961774,1
1590775961778,0
1590775961898,1
1590775961903,0
1590775962023,1
1590775962028,0
1590775962148,1
1590775962152,0
1590775962273,1
1590775962277,0
1590775962398,1
1590775962402,0
1590775962522,1
1590775962527,0
1590775962647,1
1590775962652,0
1590775962772,1
1590775962776,0
1590775962897,1
1590775962901,0
1590775963021,1
1590775963026,0
1590775963146,1
1590775963151,0
1590775963271,1
1590775963276,0
1590775963396,1
1590775963400,0
1590775963521,1
1590775963525,0
1590775963645,1
1590775963650,0
1590775963770,1
1590775963775,0
1590775963895,1
1590775963899,0
1590775964020,1
1590775964024,0
1590775964145,1
1590775964149,0
1590775964269,1
1590775964274,0
1590775964394,1
1590775964399,0
1590775964519,1
1590775964523,0
1590775964644,1
1590775964648,0
1590775964769,1
1590775964773,0
1590775964893,1
1590775964898,0
1590775965018,1
1590775965023,0
1590775965143,1
1590775965147,0
1590775965268,1
1590775965272,0
1590775965392,1
1590775965397,0
1590775965517,1
1590775965522,0
1590775965642,1
1590775965647,0
1590775965767,1
1590775965771,0
1590775965891,1
1590775965896,0
1590775966016,1
1590775966021,0
1590775966141,1
1590775966146,0
1590775966266,1
1590775966270,0
1590775966391,1
1590775966395,0
1590775966516,1
1590775966520,0
1590775966640,1
1590775966645,0
1590775966765,1
1590775966770,0
1590775966890,1
1590775966894,0
1590775967015,1
1590775967019,0
1590775967139,1
1590775967144,0
1590775967264,1
1590775967269,0
1590775967389,1
1590775967394,0
1590775967514,1
1590775967518,0
1590775967639,1
1590775967643,0
1590775967764,1
1590775967768,0
1590775967888,1
1590775967893,0
1590775968013,1
1590775968018,0
1590775968138,1
1590775968142,0
1590775968263,1
1590775968267,0
1590775968387,1
1590775968392,0
1590775968512,1
1590775968517,0
1590775968637,1
1590775968642,0
1590775968762,1
1590775968766,0
1590775968886,1
1590775968891,0
1590775969011,1
1590775969016,0
1590775969136,1
1590775969141,0
1590775969261,1
1590775969265,0
1590775969386,1
1590775969390,0
1590775969510,1
1590775969515,0
1590775969635,1
1590775969640,0
1590775969760,1
1590775969765,0
1590775969885,1
1590775969889,0
1590775970010,1
1590775970014,0
1590775970135,1
1590775970139,0
1590775970259,1
1590775970264,0
1590775970384,1
1590775970389,0
1590775970509,1
1590775970513,0
1590775970633,1
1590775970638,0
1590775970759,1
1590775970763,0
1590775970883,1
1590775970888,0
1590775971008,1
1590775971013,0
1590775971133,1
1590775971137,0
1590775971258,1
1590775971262,0
1590775971382,1
1590775971387,0
1590775971507,1
1590775971512,0
1590775971632,1
1590775971636,0
1590775971757,1
1590775971761,0
1590775971882,1
1590775971886,0
1590775972006,1
1590775972011,0
1590775972131,1
1590775972136,0
1590775972256,1
1590775972260,0
1590775972381,1
1590775972385,0
1590775972506,1
1590775972510,0
1590775972630,1
1590775972635,0
1590775972755,1
1590775972760,0
1590775972880,1
1590775972884,0
1590775973004,1
1590775973009,0
1590775973130,1
1590775973134,0
1590775973254,1
1590775973259,0
1590775973379,1
1590775973384,0
1590775973504,1
1590775973508,0
1590775973629,1
1590775973633,0
1590775973753,1
1590775973758,0
1590775973878,1
1590775973883,0
1590775974003,1
1590775974007,0
1590775974128,1
1590775974132,0
1590775974253,1
1590775974257,0
1590775974377,1
1590775974382,0
1590775974502,1
1590775974507,0
1590775974627,1
1590775974631,0
1590775974752,1
1590775974756,0
1590775974876,1
1590775974881,0
1590775975001,1
1590775975006,0
1590775975126,1
1590775975131,0
1590775975251,1
1590775975255,0
1590775975376,1
1590775975380,0
1590775975501,1
1590775975505,0
1590775975625,1
1590775975630,0
1590775975750,1
1590775975755,0
1590775975875,1
1590775975879,0
1590775976000,1
1590775976004,0
1590775976124,1
1590775976129,0
1590775976249,1
1590775976254,0
1590775976374,1
1590775976378,0
1590775976499,1
1590775976503,0
1590775976624,1
1590775976628,0
1590775976748,1
1590775976753,0
1590775976873,1
1590775976878,0
1590775976998,1
1590775977002,0
1590775977123,1
1590775977127,0
1590775977248,1
1590775977252,0
1590775977372,1
1590775977377,0
1590775977497,1
1590775977502,0
1590775977622,1
1590775977626,0
1590775977747,1
1590775977751,0
1590775977871,1
1590775977876,0
1590775977996,1
1590775978001,0
1590775978121,1
1590775978126,0
1590775978246,1
1590775978250,0
1590775978371,1
1590775978375,0
1590775978495,1
1590775978500,0
1590775978620,1
1590775978625,0
1590775978745,1
1590775978750,0
1590775978870,1
1590775978874,0
1590775978995,1
1590775978999,0
1590775979119,1
1590775979124,0
1590775979244,1
1590775979249,0
1590775979369,1
1590775979373,0
1590775979494,1
1590775979498,0
1590775979619,1
1590775979623,0
1590775979743,1
1590775979748,0
1590775979868,1
1590775979873,0
1590775979993,1
1590775979997,0
1590775980118,1
1590775980122,0
1590775980243,1
1590775980247,0
1590775980367,1
1590775980372,0
1590775980492,1
1590775980497,0
1590775980617,1
1590775980621,0
1590775980742,1
1590775980746,0
1590775980866,1
1590775980871,0
1590775980991,1
1590775980996,0
1590775981116,1
1590775981121,0
1590775981241,1
1590775981245,0
1590775981365,1
1590775981370,0
1590775981490,1
1590775981495,0
1590775981615,1
1590775981620,0
1590775981740,1
1590775981744,0
1590775981865,1
1590775981869,0
1590775981990,1
1590775981994,0
1590775982114,1
1590775982119,0
1590775982239,1
1590775982244,0
1590775982364,1
1590775982368,0
1590775982489,1
1590775982493,0
1590775982614,1
1590775982618,0
1590775982738,1
1590775982743,0
1590775982863,1
1590775982868,0
1590775982988,1
1590775982992,0
1590775983113,1
1590775983117,0
1590775983237,1
1590775983242,0
1590775983362,1
1590775983367,0
1590775983487,1
1590775983492,0
1590775983612,1
1590775983616,0
1590775983737,1
1590775983741,0
1590775983861,1
1590775983866,0
1590775983986,1
1590775983991,0
1590775984111,1
1590775984115,0
1590775984236,1
1590775984240,0
1590775984361,1
1590775984365,0
1590775984485,1
1590775984490,0
1590775984610,1
1590775984615,0
1590775984735,1
1590775984739,0
1590775984860,1
1590775984864,0
1590775984984,1
1590775984989,0
1590775985109,1
1590775985114,0
1590775985234,1
1590775985239,0
1590775985359,1
1590775985363,0
1590775985484,1
1590775985488,0
1590775985608,1
1590775985613,0
1590775985733,1
1590775985738,0
1590775985858,1
1590775985863,0
1590775985983,1
1590775985987,0
1590775986107,1
1590775986112,0
1590775986232,1
1590775986237,0
1590775986357,1
1590775986362,0
1590775986482,1
1590775986486,0
1590775986607,1
1590775986611,0
1590775986732,1
1590775986736,0
1590775986856,1
1590775986861,0
1590775986981,1
1590775986986,0
1590775987106,1
1590775987110,0
1590775987231,1
1590775987235,0
1590775987356,1
1590775987360,0
1590775987480,1
1590775987485,0
1590775987605,1
1590775987610,0
1590775987730,1
1590775987734,0
1590775987855,1
1590775987859,0
1590775987980,1
1590775987984,0
1590775988104,1
1590775988109,0
1590775988229,1
1590775988234,0
1590775988354,1
1590775988358,0
1590775988479,1
1590775988483,0
1590775988603,1
1590775988608,0
1590775988728,1
1590775988733,0
1590775988853,1
1590775988858,0
1590775988978,1
1590775988982,0
1590775989103,1
1590775989107,0
1590775989227,1
1590775989232,0
1590775989352,1
1590775989357,0
1590775989477,1
1590775989481,0
1590775989602,1
1590775989606,0
1590775989727,1
1590775989731,0
1590775989851,1
1590775989856,0
1590775989976,1
1590775989981,0
1590775990101,1
1590775990105,0
1590775990226,1
1590775990230,0
1590775990350,1
1590775990355,0
1590775990475,1
1590775990480,0
1590775990600,1
1590775990605,0
1590775990725,1
1590775990729,0
1590775990850,1
1590775990854,0
1590775990975,1
1590775990979,0
1590775991099,1
1590775991104,0
1590775991224,1
1590775991229,0
1590775991349,1
1590775991353,0
1590775991473,1
1590775991478,0
1590775991598,1
1590775991603,0
1590775991723,1
1590775991728,0
1590775991848,1
1590775991852,0
1590775991973,1
1590775991977,0
1590775992097,1
1590775992102,0
1590775992222,1
1590775992227,0
1590775992347,1
1590775992352,0
1590775992472,1
1590775992476,0
1590775992597,1
1590775992601,0
1590775992721,1
1590775992726,0
1590775992846,1
1590775992851,0
1590775992971,1
1590775992976,0
1590775993096,1
1590775993100,0
1590775993221,1
1590775993225,0
1590775993345,1
1590775993350,0
1590775993470,1
1590775993475,0
1590775993595,1
1590775993600,0
1590775993720,1
1590775993724,0
1590775993844,1
1590775993849,0
1590775993969,1
1590775993974,0
1590775994094,1
1590775994099,0
1590775994219,1
1590775994223,0
1590775994344,1
1590775994348,0
1590775994469,1
1590775994473,0
1590775994593,1
1590775994598,0
1590775994718,1
1590775994723,0
1590775994843,1
1590775994847,0
1590775994968,1
1590775994972,0
1590775995093,1
1590775995097,0
1590775995217,1
1590775995222,0
1590775995342,1
1590775995347,0
1590775995467,1
1590775995471,0
1590775995592,1
1590775995596,0
1590775995716,1
1590775995721,0
1590775995841,1
1590775995846,0
1590775995966,1
1590775995971,0
1590775996091,1
1590775996095,0
1590775996215,1
1590775996220,0
1590775996340,1
1590775996345,0
1590775996465,1
1590775996470,0
1590775996590,1
1590775996595,0
1590775996715,1
1590775996719,0
1590775996840,1
1590775996844,0
1590775996964,1
1590775996969,0
1590775997089,1
1590775997094,0
1590775997214,1
1590775997218,0
1590775997339,1
1590775997343,0
1590775997464,1
1590775997468,0
1590775997588,1
1590775997593,0
1590775997713,1
1590775997718,0
1590775997838,1
1590775997842,0
1590775997963,1
1590775997967,0
1590775998088,1
1590775998092,0
1590775998212,1
1590775998217,0
1590775998337,1
1590775998342,0
1590775998462,1
1590775998466,0
1590775998586,1
1590775998591,0
1590775998712,1
1590775998716,0
1590775998836,1
1590775998841,0
1590775998961,1
1590775998966,0
1590775999086,1
1590775999090,0
1590775999211,1
1590775999215,0
1590775999335,1
1590775999340,0
1590775999460,1
1590775999465,0
1590775999585,1
1590775999589,0
1590775999710,1
1590775999714,0
1590775999835,1
1590775999839,0
1590775999959,1
1590775999964,0
1590776000084,1
1590776000089,0
1590776000209,1
1590776000213,0
1590776000334,1
1590776000338,0
1590776000459,1
1590776000463,0
1590776000583,1
1590776000588,0
1590776000708,1
1590776000713,0
1590776000833,1
1590776000837,0
1590776000958,1
1590776000962,0
1590776001083,1
1590776001087,0
1590776001207,1
1590776001212,0
1590776001332,1
1590776001337,0
1590776001457,1
1590776001461,0
1590776001582,1
1590776001586,0
1590776001706,1
1590776001711,0
1590776001831,1
1590776001836,0
1590776001956,1
1590776001960,0
1590776002081,1
1590776002085,0
1590776002206,1
1590776002210,0
1590776002330,1
1590776002335,0
1590776002455,1
1590776002460,0
1590776002580,1
1590776002584,0
1590776002705,1
1590776002709,0
1590776002830,1
1590776002834,0
1590776002954,1
1590776002959,0
1590776003079,1
1590776003084,0
1590776003204,1
1590776003208,0
1590776003329,1
1590776003333,0
1590776003454,1
1590776003458,0
1590776003578,1
1590776003583,0
1590776003703,1
1590776003708,0
1590776003828,1
1590776003832,0
1590776003953,1
1590776003957,0
1590776004077,1
1590776004082,0
1590776004202,1
1590776004207,0
1590776004327,1
1590776004331,0
1590776004452,1
1590776004456,0
1590776004576,1
1590776004581,0
1590776004701,1
1590776004706,0
1590776004826,1
1590776004831,0
1590776004951,1
1590776004955,0
1590776005076,1
1590776005080,0
1590776005201,1
1590776005205,0
1590776005325,1
1590776005330,0
1590776005450,1
1590776005455,0
1590776005575,1
1590776005579,0
1590776005700,1
1590776005704,0
1590776005824,1
1590776005829,0
1590776005949,1
1590776005954,0
1590776006074,1
1590776006079,0
1590776006199,1
1590776006203,0
1590776006324,1
1590776006328,0
1590776006448,1
1590776006453,0
1590776006573,1
1590776006578,0
1590776006698,1
1590776006703,0
1590776006823,1
1590776006827,0
1590776006947,1
1590776006952,0
1590776007072,1
1590776007077,0
1590776007197,1
1590776007202,0
1590776007322,1
1590776007326,0
1590776007447,1
1590776007451,0
1590776007572,1
1590776007576,0
1590776007696,1
1590776007701,0
1590776007821,1
1590776007826,0
1590776007946,1
1590776007950,0
1590776008071,1
1590776008075,0
1590776008195,1
1590776008200,0
1590776008320,1
1590776008325,0
1590776008445,1
1590776008450,0
1590776008570,1
1590776008574,0
1590776008694,1
1590776008699,0
1590776008820,1
1590776008824,0
1590776008944,1
1590776008949,0
1590776009069,1
1590776009074,0
1590776009194,1
1590776009198,0
1590776009319,1
1590776009323,0
1590776009443,1
1590776009448,0
1590776009568,1
1590776009573,0
1590776009693,1
1590776009697,0
1590776009818,1
1590776009822,0
1590776009943,1
1590776009947,0
1590776010067,1
1590776010072,0
1590776010192,1
1590776010197,0
1590776010317,1
1590776010321,0
1590776010442,1
1590776010446,0
1590776010567,1
1590776010571,0
1590776010691,1
1590776010696,0
1590776010816,1
1590776010821,0
1590776010941,1
1590776010945,0
1590776011066,1
1590776011070,0
1590776011190,1
1590776011195,0
1590776011315,1
1590776011320,0
1590776011440,1
1590776011445,0
1590776011565,1
1590776011569,0
1590776011690,1
1590776011694,0
1590776011814,1
1590776011819,0
1590776011939,1
1590776011944,0
1590776012064,1
1590776012068,0
1590776012189,1
1590776012193,0
1590776012314,1
1590776012318,0
1590776012438,1
1590776012443,0
1590776012563,1
1590776012568,0
1590776012688,1
1590776012692,0
1590776012813,1
1590776012817,0
1590776012938,1
1590776012942,0
1590776013062,1
1590776013067,0
1590776013187,1
1590776013192,0
1590776013312,1
1590776013316,0
1590776013437,1
1590776013441,0
1590776013562,1
1590776013566,0
1590776013686,1
1590776013691,0
1590776013811,1
1590776013816,0
1590776013936,1
1590776013940,0
1590776014061,1
1590776014065,0
1590776014185,1
1590776014190,0
1590776014310,1
1590776014315,0
1590776014435,1
1590776014439,0
1590776014560,1
1590776014564,0
1590776014685,1
1590776014689,0
1590776014809,1
1590776014814,0
1590776014934,1
1590776014939,0
1590776015059,1
1590776015063,0
1590776015184,1
1590776015188,0
1590776015309,1
1590776015313,0
1590776015433,1
1590776015438,0
1590776015558,1
1590776015563,0
1590776015683,1
1590776015687,0
1590776015808,1
1590776015812,0
1590776015933,1
1590776015937,0
1590776016057,1
1590776016062,0
1590776016182,1
1590776016187,0
1590776016307,1
1590776016311,0
1590776016432,1
1590776016436,0
1590776016556,1
1590776016561,0
1590776016681,1
1590776016686,0
1590776016806,1
1590776016811,0
1590776016931,1
1590776016935,0
1590776017055,1
1590776017060,0
1590776017180,1
1590776017185,0
1590776017305,1
1590776017310,0
1590776017430,1
1590776017434,0
1590776017555,1
1590776017559,0
1590776017679,1
1590776017684,0
1590776017804,1
1590776017809,0
1590776017929,1
1590776017934,0
1590776018054,1
1590776018058,0
1590776018179,1
1590776018183,0
1590776018303,1
1590776018308,0
1590776018428,1
1590776018433,0
1590776018553,1
1590776018558,0
1590776018678,1
1590776018682,0
1590776018802,1
1590776018807,0
1590776018927,1
1590776018932,0
1590776019052,1
1590776019057,0
1590776019177,1
1590776019182,0
1590776019302,1
1590776019306,0
1590776019426,1
1590776019431,0
1590776019551,1
1590776019556,0
1590776019676,1
1590776019681,0
1590776019801,1
1590776019805,0
1590776019926,1
1590776019930,0
1590776020051,1
1590776020055,0
1590776020175,1
1590776020180,0
1590776020300,1
1590776020305,0
1590776020425,1
1590776020429,0
1590776020550,1
1590776020554,0
1590776020675,1
1590776020679,0
1590776020799,1
1590776020804,0
1590776020924,1
1590776020929,0
1590776021049,1
1590776021053,0
1590776021173,1
1590776021178,0
1590776021299,1
1590776021303,0
1590776021423,1
1590776021428,0
1590776021548,1
1590776021553,0
1590776021673,1
1590776021677,0
1590776021797,1
1590776021802,0
1590776021922,1
1590776021927,0
1590776022047,1
1590776022052,0
1590776022172,1
1590776022176,0
1590776022297,1
1590776022301,0
1590776022422,1
1590776022426,0
1590776022546,1
1590776022551,0
1590776022671,1
1590776022676,0
1590776022796,1
1590776022800,0
1590776022921,1
1590776022925,0
1590776023046,1
1590776023050,0
1590776023170,1
1590776023175,0
1590776023295,1
1590776023300,0
1590776023420,1
1590776023424,0
1590776023545,1
1590776023549,0
1590776023670,1
1590776023674,0
1590776023794,1
1590776023799,0
1590776023919,1
1590776023924,0
1590776024044,1
1590776024048,0
1590776024169,1
1590776024173,0
1590776024293,1
1590776024298,0
1590776024418,1
1590776024423,0
1590776024543,1
1590776024548,0
1590776024668,1
1590776024672,0
1590776024793,1
1590776024797,0
1590776024917,1
1590776024922,0
1590776025042,1
1590776025047,0
1590776025167,1
1590776025171,0
1590776025292,1
1590776025296,0
1590776025417,1
1590776025421,0
1590776025541,1
1590776025546,0
1590776025666,1
1590776025671,0
1590776025791,1
1590776025795,0
1590776025916,1
1590776025920,0
1590776026041,1
1590776026045,0
1590776026165,1
1590776026170,0
1590776026290,1
1590776026295,0
1590776026415,1
1590776026419,0
1590776026540,1
1590776026544,0
1590776026665,1
1590776026669,0
1590776026789,1
1590776026794,0
1590776026914,1
1590776026919,0
1590776027039,1
1590776027043,0
1590776027163,1
1590776027168,0
1590776027288,1
1590776027293,0
1590776027413,1
1590776027418,0
1590776027538,1
1590776027542,0
1590776027663,1
1590776027667,0
1590776027788,1
1590776027792,0
1590776027912,1
1590776027917,0
1590776028037,1
1590776028042,0
1590776028162,1
1590776028166,0
1590776028287,1
1590776028291,0
1590776028412,1
1590776028416,0
1590776028536,1
1590776028541,0
1590776028661,1
1590776028666,0
1590776028786,1
1590776028790,0
1590776028911,1
1590776028915,0
1590776029036,1
1590776029040,0
1590776029160,1
1590776029165,0
1590776029285,1
1590776029290,0
1590776029410,1
1590776029414,0
1590776029535,1
1590776029539,0
1590776029659,1
1590776029664,0
1590776029784,1
1590776029789,0
1590776029909,1
1590776029913,0
1590776030034,1
1590776030038,0
1590776030158,1
1590776030163,0
1590776030283,1
1590776030288,0
1590776030408,1
1590776030413,0
1590776030533,1
1590776030537,0
1590776030658,1
1590776030662,0
1590776030783,1
1590776030787,0
1590776030907,1
1590776030912,0
1590776031032,1
1590776031037,0
1590776031157,1
1590776031161,0
1590776031282,1
1590776031286,0
1590776031407,1
1590776031411,0
1590776031531,1
1590776031536,0
1590776031656,1
1590776031661,0
1590776031781,1
1590776031785,0
1590776031905,1
1590776031910,0
1590776032030,1
1590776032035,0
1590776032155,1
1590776032160,0
1590776032280,1
1590776032284,0
1590776032405,1
1590776032409,0
1590776032530,1
1590776032534,0
1590776032654,1
1590776032659,0
1590776032779,1
1590776032784,0
1590776032904,1
1590776032908,0
1590776033029,1
1590776033033,0
1590776033154,1
1590776033158,0
1590776033278,1
1590776033283,0
1590776033403,1
1590776033408,0
1590776033528,1
1590776033532,0
1590776033653,1
1590776033657,0
1590776033778,1
1590776033782,0
1590776033902,1
1590776033907,0
1590776034027,1
1590776034032,0
1590776034152,1
1590776034156,0
1590776034276,1
1590776034281,0
1590776034402,1
1590776034406,0
1590776034526,1
1590776034531,0
1590776034651,1
1590776034656,0
1590776034776,1
1590776034780,0
1590776034900,1
1590776034905,0
1590776035025,1
1590776035030,0
1590776035150,1
1590776035155,0
1590776035275,1
1590776035279,0
1590776035400,1
1590776035404,0
1590776035525,1
1590776035529,0
1590776035649,1
1590776035654,0
1590776035774,1
1590776035779,0
1590776035899,1
1590776035903,0
1590776036024,1
1590776036028,0
1590776036149,1
1590776036153,0
1590776036273,1
1590776036278,0
1590776036398,1
1590776036403,0
1590776036523,1
1590776036527,0
1590776036648,1
1590776036652,0
1590776036772,1
1590776036777,0
1590776036897,1
1590776036902,0
1590776037022,1
1590776037027,0
1590776037147,1
1590776037151,0
1590776037271,1
1590776037276,0
1590776037396,1
1590776037401,0
1590776037521,1
1590776037526,0
1590776037646,1
1590776037650,0
1590776037771,1
1590776037775,0
1590776037896,1
1590776037900,0
1590776038020,1
1590776038025,0
1590776038145,1
1590776038150,0
1590776038270,1
1590776038274,0
1590776038395,1
1590776038399,0
1590776038519,1
1590776038524,0
1590776038644,1
1590776038649,0
1590776038769,1
1590776038774,0
1590776038894,1
1590776038898,0
1590776039018,1
1590776039023,0
1590776039144,1
1590776039148,0
1590776039268,1
1590776039273,0
1590776039393,1
1590776039398,0
1590776039518,1
1590776039522,0
1590776039643,1
1590776039647,0
1590776039767,1
1590776039772,0
1590776039892,1
1590776039897,0
1590776040017,1
1590776040021,0
1590776040142,1
1590776040146,0
1590776040267,1
1590776040271,0
1590776040391,1
1590776040396,0
1590776040516,1
1590776040521,0
1590776040641,1
1590776040645,0
1590776040766,1
1590776040770,0
1590776040891,1
1590776040895,0
1590776041015,1
1590776041020,0
1590776041140,1
1590776041145,0
1590776041265,1
1590776041269,0
1590776041390,1
1590776041394,0
1590776041514,1
1590776041519,0
1590776041639,1
1590776041644,0
1590776041764,1
1590776041769,0
1590776041889,1
1590776041893,0
1590776042013,1
1590776042018,0
1590776042138,1
1590776042143,0
1590776042263,1
1590776042268,0
1590776042388,1
1590776042393,0
1590776042513,1
1590776042517,0
1590776042637,1
1590776042642,0
1590776042762,1
1590776042767,0
1590776042887,1
1590776042892,0
1590776043012,1
1590776043016,0
1590776043137,1
1590776043141,0
1590776043262,1
1590776043266,0
1590776043386,1
1590776043391,0
1590776043511,1
1590776043516,0
1590776043636,1
1590776043640,0
1590776043761,1
1590776043765,0
1590776043886,1
1590776043890,0
1590776044010,1
1590776044015,0
1590776044135,1
1590776044140,0
1590776044260,1
1590776044264,0
1590776044384,1
1590776044389,0
1590776044510,1
1590776044514,0
1590776044634,1
1590776044639,0
1590776044759,1
1590776044764,0
1590776044884,1
1590776044888,0
1590776045008,1
1590776045013,0
1590776045133,1
1590776045138,0
1590776045258,1
1590776045263,0
1590776045383,1
1590776045387,0
1590776045508,1
1590776045512,0
1590776045633,1
1590776045637,0
1590776045757,1
1590776045762,0
1590776045882,1
1590776045887,0
1590776046007,1
1590776046011,0
1590776046132,1
1590776046136,0
1590776046257,1
1590776046261,0
1590776046381,1
1590776046386,0
1590776046506,1
1590776046511,0
1590776046631,1
1590776046635,0
1590776046756,1
1590776046760,0
1590776046880,1
1590776046885,0
1590776047005,1
1590776047010,0
1590776047130,1
1590776047135,0
1590776047255,1
1590776047259,0
1590776047380,1
1590776047384,0
1590776047504,1
1590776047509,0
1590776047629,1
1590776047634,0
1590776047754,1
1590776047758,0
1590776047879,1
1590776047883,0
1590776048003,1
1590776048008,0
1590776048128,1
1590776048133,0
1590776048253,1
1590776048258,0
1590776048378,1
1590776048382,0
1590776048503,1
1590776048507,0
1590776048627,1
1590776048632,0
1590776048752,1
1590776048757,0
1590776048877,1
1590776048882,0
1590776049002,1
1590776049006,0
1590776049127,1
1590776049131,0
1590776049252,1
1590776049256,0
1590776049376,1
1590776049381,0
1590776049501,1
1590776049506,0
1590776049626,1
1590776049630,0
1590776049751,1
1590776049755,0
1590776049875,1
1590776049880,0
1590776050000,1
1590776050005,0
1590776050125,1
1590776050129,0
1590776050250,1
1590776050254,0
1590776050375,1
1590776050379,0
1590776050499,1
1590776050504,0
1590776050624,1
1590776050629,0
1590776050749,1
1590776050753,0

